,sobrenomes
0,ABREU
1,ALVES
2,ALBINO
3,ALMEIDA
4,AMARAL
5,ARAUJO
6,ANDRADE
7,ANTUNES
8,AZEVEDO
9,ASSIS
10,BARRETO
11,BARROS
12,BAHR
13,BATISTA
14,BENTO
15,BRASIL
16,BRAGA
17,BRITO
18,CAMARGO
19,CAMPOS
20,CARDOSO
21,CANDIDO
22,CARVALHO
23,CASTRO
24,CHAGAS
25,COELHO
26,CORREIA
27,DUTRA
28,FAGUNDES
29,FERNANDES
30,FRAGA
31,FRANCA
32,FREITAS
33,JUSTINO
34,LEAL
35,LEITE
36,LIMA
37,LINHARES
38,LOPES
39,MACHADO
40,MACEDO
41,MACIEL
42,MARTINS
43,MATOS
44,MARQUES
45,MEDEIROS
46,MIRANDA
47,MORAES
48,MONTEIRO
49,NASCIMENTO
50,NEVES
51,OLIVEIRA
52,ONOFRE
53,PACHECO
54,PADILHA
55,PAIVA
56,PEREIRA
57,PESSOA
58,PINHO
59,PINTO
60,PIRES
61,PRADO
62,RABELO
63,RAMOS
64,RIBEIRO
65,ROCHA
66,RODRIGUES
67,ROSA
68,SALES
69,SABINO
70,SANTOS
71,SILVA
72,SILVEIRA
73,SOARES
74,TEIXEIRA
75,VARGAS
76,VASCONCELOS
77,VIEIRA
78,XAVIER
